Year,Adj 1,Adj 2,Adj 3,Adj 4,Adj 5,Adj 6,Merged_Column
1970,young,,,,,,young
1970,unrecognizable,,,,,,unrecognizable
1970,sister,,,,,,sister
1970,real,,,,,,real
1970,young,,,,,,young
1970,noble,,,,,,noble
1970,adopted,,,,,,adopted
1970,poor,,,,,,poor
1970,rich,,,,,,rich
1970,attractive, young,,,,,"attractive, young"
1970,young, innocent,,,,,"young, innocent"
1970,widowed,,,,,,widowed
1970,beautiful,,,,,,beautiful
1971,young,,,,,,young
1971,young,,,,,,young
1971,sister,,,,,,sister
1971,blind,,,,,,blind
1971,young,,,,,,young
1971,young,,,,,,young
1971,mysterious,,,,,,mysterious
1971,young,,,,,,young
1971,deceased,,,,,,deceased
1971,leading,,,,,,leading
1973,young,,,,,,young
1973,disastrous,,,,,,disastrous
1973,beautiful,,,,,,beautiful
1973,rich,,,,,,rich
1973,beautiful,,,,,,beautiful
1973,followers,,,,,,followers
1973,violent,,,,,,violent
1973,beautiful, young, married,,,,"beautiful, young, married"
1973,innocent,,,,,,innocent
1973,widowed,,,,,,widowed
1973,aged,,,,,,aged
1973,marrying,,,,,,marrying
1973,young,,,,,,young
1973,younger,,,,,,younger
1973,young,,,,,,young
1973,rich, spoiled,,,,,"rich, spoiled"
1973,young,,,,,,young
1974,blind, young,,,,,"blind, young"
1974,young,,,,,,young
1974,young,,,,,,young
1974,patriotic, unaware,,,,,"patriotic, unaware"
1974,dumb,,,,,,dumb
1974,wealthy,,,,,,wealthy
1974,ailing,,,,,,ailing
1974,beautiful, young,,,,,"beautiful, young"
1974,rich,,,,,,rich
1974,niece,,,,,,niece
1974,young,,,,,,young
1974,beautiful, young,,,,,"beautiful, young"
1974,Handsome,,,,,,Handsome
1974,young, poor,,,,,"young, poor"
1974,teenage, widowed,,,,,"teenage, widowed"
1974,widowed,,,,,,widowed
1974,young,,,,,,young
1974,sick,,,,,,sick
1974,young,,,,,,young
1975,drunk,,,,,,drunk
1975,young,,,,,,young
1975,young,,,,,,young
1975,maiden,,,,,,maiden
1975,dominating,,,,,,dominating
1975,Christian,,,,,,Christian
1975,refined,,,,,,refined
1975,young,,,,,,young
1975,poor,,,,,,poor
1975,young,,,,,,young
1975,reclusive,,,,,,reclusive
1975,talkative, feisty, young,,,,"talkative, feisty, young"
1976,unmarried,,,,,,unmarried
1976,lovely, young,,,,,"lovely, young"
1976,devastated,,,,,,devastated
1976,old,,,,,,old
1976,Harijan, local,,,,,"Harijan, local"
1976,feisty, young,,,,,"feisty, young"
1976,rich,,,,,,rich
1976,unmarried,,,,,,unmarried
1977,wealthy,,,,,,wealthy
1977,poor,,,,,,poor
1977,arrogant,,,,,,arrogant
1977,biological,,,,,,biological
1977,penniless,,,,,,penniless
1977,beautiful, poor,,,,,"beautiful, poor"
1977,grandchild,,,,,,grandchild
1977,lost,,,,,,lost
1977,uptight,,,,,,uptight
1977,unhappy,,,,,,unhappy
1977,young,,,,,,young
1977,scheming,,,,,,scheming
1977,illiterate,,,,,,illiterate
1977,modern, delightful, soft,,,,"modern, delightful, soft"
1977,young,,,,,,young
1977,old,,,,,,old
1977,old,,,,,,old
1977,Muslim,,,,,,Muslim
1977,good,,,,,,good
1977,good,,,,,,good
1978,princess,,,,,,princess
1978,ill,,,,,,ill
1978,young,,,,,,young
1978,shattered,,,,,,shattered
1978,ailing,,,,,,ailing
1978,old,,,,,,old
1978,religious,,,,,,religious
1978,separated,,,,,,separated
1978,aristocratic,,,,,,aristocratic
1978,Muslim,,,,,,Muslim
1978,young,,,,,,young
1978,wealthy,,,,,,wealthy
1978,general,,,,,,general
1979,orphan,,,,,,orphan
1979,lovely,,,,,,lovely
1979,beautiful,,,,,,beautiful
1979,sister,,,,,,sister
1979,wealthy, gorgeous,,,,,"wealthy, gorgeous"
1979,Kind,,,,,,Kind
1979,rich,,,,,,rich
1979,arrogant, prospective,,,,,"arrogant, prospective"
1979,young,,,,,,young
1979,frantic,,,,,,frantic
1979,wealthy,,,,,,wealthy
1979,unmarried,,,,,,unmarried
1979,young,,,,,,young
1979,beautiful, young,,,,,"beautiful, young"
1980,common, adopted,,,,,"common, adopted"
1980,pregnant,,,,,,pregnant
1980,grieving,,,,,,grieving
1980,little,,,,,,little
1980,mortally, wounded,,,,,"mortally, wounded"
1980,pregnant,,,,,,pregnant
1980,young, simple,,,,,"young, simple"
1980,hapless,,,,,,hapless
1980,sick,,,,,,sick
1980,rich,,,,,,rich
1980,playful,,,,,,playful
1980,unpolished,,,,,,unpolished
1980,conservative, deranged,,,,,"conservative, deranged"
1980,young,,,,,,young
1980,new,,,,,,new
1981,niece,,,,,,niece
1981,little,,,,,,little
1981,little,,,,,,little
1981,Sushil,,,,,,Sushil
1981,lovely, pregnant,,,,,"lovely, pregnant"
1981,attractive,,,,,,attractive
1981,cultured,,,,,,cultured
1981,beautiful,,,,,,beautiful
1981,widowed,,,,,,widowed
1981,poor,,,,,,poor
1982,young,,,,,,young
1982,young,,,,,,young
1982,pretty,,,,,,pretty
1982,young,,,,,,young
1982,rich,,,,,,rich
1982,young,,,,,,young
1982,elder,,,,,,elder
1982,beautiful, young,,,,,"beautiful, young"
1982,intelligent,,,,,,intelligent
1982,old,,,,,,old
1982,middle,,,,,,middle
1982,bandit,,,,,,bandit
1982,teenage,,,,,,teenage
1982,orphan,,,,,,orphan
1982,new,,,,,,new
1982,pretty,,,,,,pretty
1982,lively, young,,,,,"lively, young"
1982,young,,,,,,young
1982,sister,,,,,,sister
1982,lovely,,,,,,lovely
1982,conservative,,,,,,conservative
1982,beautiful, young,,,,,"beautiful, young"
1982,beautiful, ugly,,,,,"beautiful, ugly"
1983,beautiful, young,,,,,"beautiful, young"
1983,wealthy,,,,,,wealthy
1983,embarrassing,,,,,,embarrassing
1983,frantic,,,,,,frantic
1983,traditional, Indian, unaware,,,,"traditional, Indian, unaware"
1983,insensitive,,,,,,insensitive
1983,widowed,,,,,,widowed
1983,young, dynamic,,,,,"young, dynamic"
1983,modern, young, worthy, nameless,,,"modern, young, worthy, nameless"
1983,sexy,,,,,,sexy
1983,little,,,,,,little
1983,young,,,,,,young
1983,illegitimate,,,,,,illegitimate
1983,long,,,,,,long
1983,sister,,,,,,sister
1983,famous,,,,,,famous
1983,arrogant, spoiled,,,,,"arrogant, spoiled"
1983,poor,,,,,,poor
1983,attractive,,,,,,attractive
1983,modern, young,,,,,"modern, young"
1983,rich,,,,,,rich
1984,pretty,,,,,,pretty
1984,privileged,,,,,,privileged
1984,pregnant,,,,,,pregnant
1984,aged,,,,,,aged
1984,Dhanraj,,,,,,Dhanraj
1984,poor,,,,,,poor
1984,pregnant,,,,,,pregnant
1984,widowed,,,,,,widowed
1984,budding,,,,,,budding
1984,lovely, attractive, young,,,,"lovely, attractive, young"
1984,unmarried,,,,,,unmarried
1984,retarded,,,,,,retarded
1985,fashionable,,,,,,fashionable
1985,famous,,,,,,famous
1985,innocent,,,,,,innocent
1985,rich,,,,,,rich
1985,similar,,,,,,similar
1985,secrets,,,,,,secrets
1985,beautiful,,,,,,beautiful
1985,motherless,,,,,,motherless
1985,new,,,,,,new
1985,fellow,,,,,,fellow
1985,arrogant,,,,,,arrogant
1985,Kishen,,,,,,Kishen
1985,father, drunkard,,,,,"father, drunkard"
1985,teenaged,,,,,,teenaged
1985,fellow, retired,,,,,"fellow, retired"
1985,reluctant,,,,,,reluctant
1985,penniless,,,,,,penniless
1985,debutante,,,,,,debutante
1985,arrogant, young,,,,,"arrogant, young"
1985,valiant,,,,,,valiant
1985,unknown,,,,,,unknown
1985,guilty,,,,,,guilty
1985,intelligent,,,,,,intelligent
1985,pregnant,,,,,,pregnant
1985,ideal,,,,,,ideal
1985,holy,,,,,,holy
1985,beautiful,,,,,,beautiful
1985,old, ailing,,,,,"old, ailing"
1986,beautiful, young,,,,,"beautiful, young"
1986,little,,,,,,little
1986,dumb,,,,,,dumb
1986,sweet,,,,,,sweet
1986,pregnant,,,,,,pregnant
1987,challenged,,,,,,challenged
1987,returned, foreign,,,,,"returned, foreign"
1987,poor, orphan,,,,,"poor, orphan"
1987,beautiful,,,,,,beautiful
1987,adamant, impulsive,,,,,"adamant, impulsive"
1987,notorious,,,,,,notorious
1987,young,,,,,,young
1987,cheap,,,,,,cheap
1987,young,,,,,,young
1987,caring,,,,,,caring
1987,little,,,,,,little
1987,devoted,,,,,,devoted
1988,domineering,,,,,,domineering
1988,young,,,,,,young
1988,little,,,,,,little
1988,sister,,,,,,sister
1988,frantic,,,,,,frantic
1988,suitable,,,,,,suitable
1988,biological,,,,,,biological
1988,biological,,,,,,biological
1988,attractive, young,,,,,"attractive, young"
1988,niece,,,,,,niece
1988,beautiful, young, little,,,,"beautiful, young, little"
1988,hideous,,,,,,hideous
1988,little,,,,,,little
1988,lovely, beautiful, young,,,,"lovely, beautiful, young"
1988,little,,,,,,little
1988,young, poor,,,,,"young, poor"
1988,pretty,,,,,,pretty
1989,lovely, young,,,,,"lovely, young"
1989,pregnant,,,,,,pregnant
1989,aged,,,,,,aged
1989,compatible,,,,,,compatible
1989,widowed,,,,,,widowed
1989,beautiful,,,,,,beautiful
1989,wealthy,,,,,,wealthy
1989,unaware,,,,,,unaware
1989,pragmatic,,,,,,pragmatic
1989,young,,,,,,young
1990,new, modest,,,,,"new, modest"
1990,beautiful,,,,,,beautiful
1990,evil, strange,,,,,"evil, strange"
1990,young, undercover,,,,,"young, undercover"
1990,young, rich,,,,,"young, rich"
1990,beautiful,,,,,,beautiful
1990,old, tempered, short, aggressive,,,"old, tempered, short, aggressive"
1990,lazy,,,,,,lazy
1990,young,,,,,,young
1990,single,,,,,,single
1990,unconventional,,,,,,unconventional
1990,powerful,,,,,,powerful
1991,sister,,,,,,sister
1991,young, dead,,,,,"young, dead"
1991,weekly,,,,,,weekly
1991,good,,,,,,good
1991,ill,,,,,,ill
1991,ill,,,,,,ill
1991,working, simple,,,,,"working, simple"
1991,single,,,,,,single
1991,married,,,,,,married
1991,widowed,,,,,,widowed
1991,pregnant,,,,,,pregnant
1991,native,,,,,,native
1991,successful,,,,,,successful
1991,adopted,,,,,,adopted
1991,young,,,,,,young
1991,saintly,,,,,,saintly
1991,tough,,,,,,tough
1991,young,,,,,,young
1991,beautiful,,,,,,beautiful
1991,beautiful,,,,,,beautiful
1991,late,,,,,,late
1991,young,,,,,,young
1991,young,,,,,,young
1991,old,,,,,,old
1991,Brahmin, young, unmarried,,,,"Brahmin, young, unmarried"
1991,biological,,,,,,biological
1991,dead,,,,,,dead
1992,young,,,,,,young
1992,rich, spoiled,,,,,"rich, spoiled"
1992,rude,,,,,,rude
1992,young,,,,,,young
1992,local,,,,,,local
1992,unknown,,,,,,unknown
1992,grown,,,,,,grown
1992,old,,,,,,old
1992,beautiful, young,,,,,"beautiful, young"
1992,new,,,,,,new
1992,beautiful,,,,,,beautiful
1992,old,,,,,,old
1992,beautiful,,,,,,beautiful
1992,lovely,,,,,,lovely
1992,simple,,,,,,simple
1992,old,,,,,,old
1992,grown,,,,,,grown
1992,precocious, young,,,,,"precocious, young"
1993,wealthy,,,,,,wealthy
1993,poor,,,,,,poor
1993,poor,,,,,,poor
1993,young,,,,,,young
1993,newborn,,,,,,newborn
1993,innocent,,,,,,innocent
1993,glitzy,,,,,,glitzy
1993,deceased,,,,,,deceased
1993,bubbly,,,,,,bubbly
1993,lovely, young,,,,,"lovely, young"
1993,evil,,,,,,evil
1993,innocent,,,,,,innocent
1993,young,,,,,,young
1993,secret,,,,,,secret
1993,snobby,,,,,,snobby
1993,younger, elder, little,,,,"younger, elder, little"
1993,successful,,,,,,successful
1993,traditional,,,,,,traditional
1993,sympathetic,,,,,,sympathetic
1993,quarrelsome,,,,,,quarrelsome
1993,sister,,,,,,sister
1993,young,,,,,,young
1994,great,,,,,,great
1994,new, amnesiac,,,,,"new, amnesiac"
1994,widowed,,,,,,widowed
1995,poor,,,,,,poor
1995,wealthy,,,,,,wealthy
1995,effervescent,,,,,,effervescent
1996,acclaimed,,,,,,acclaimed
1996,young,,,,,,young
1996,illegitimate,,,,,,illegitimate
1996,sad,,,,,,sad
1996,young, teenage,,,,,"young, teenage"
1996,poor,,,,,,poor
1996,injured, young,,,,,"injured, young"
1996,sister,,,,,,sister
1996,teenage,,,,,,teenage
1996,dead,,,,,,dead
1996,presumed,,,,,,presumed
1997,beautiful, rich,,,,,"beautiful, rich"
1997,rich,,,,,,rich
1997,promiscuous, elderly, dignified,,,,"promiscuous, elderly, dignified"
1997,beloved,,,,,,beloved
1997,rich,,,,,,rich
1997,new,,,,,,new
1997,single,,,,,,single
1997,insane,,,,,,insane
1997,beautiful,,,,,,beautiful
1997,sister,,,,,,sister
1997,young, innocent,,,,,"young, innocent"
1997,snaky,,,,,,snaky
1997,unable, happy, authentic, missing, pure, good,"unable, happy, authentic, missing, pure, good"
1997,equal,,,,,,equal
1997,little,,,,,,little
1997,ambitious, young, rich,,,,"ambitious, young, rich"
1998,respectable,,,,,,respectable
1998,wannabe,,,,,,wannabe
1998,mysterious,,,,,,mysterious
1998,little,,,,,,little
1998,compassionate,,,,,,compassionate
1998,grand,,,,,,grand
1998,young,,,,,,young
1998,beautiful, young,,,,,"beautiful, young"
1998,beautiful, simple,,,,,"beautiful, simple"
1998,unable,,,,,,unable
1998,motherly,,,,,,motherly
1998,clumsy,,,,,,clumsy
1998,local, Muslim,,,,,"local, Muslim"
1998,rich,,,,,,rich
1999,American,,,,,,American
1999,rich,,,,,,rich
1999,secret,,,,,,secret
1999,young,,,,,,young
1999,following,,,,,,following
1999,modern,,,,,,modern
1999,loving,,,,,,loving
1999,biological,,,,,,biological
1999,adopted,,,,,,adopted
1999,sister,,,,,,sister
1999,hardworking,,,,,,hardworking
1999,beautiful,,,,,,beautiful
1999,beloved,,,,,,beloved
1999,old,,,,,,old
1999,French, blonde, hermit,,,,"French, blonde, hermit"
1999,young,,,,,,young
1999,beautiful,,,,,,beautiful
1999,simple,,,,,,simple
1999,desirable,,,,,,desirable
1999,Jais,,,,,,Jais
1999,beautiful,,,,,,beautiful
1999,curious, persistent, compassionate,,,,"curious, persistent, compassionate"
1999,young, idealistic,,,,,"young, idealistic"
1999,young,,,,,,young
2000,beautiful,,,,,,beautiful
2000,young,,,,,,young
2000,sister,,,,,,sister
2000,lonely,,,,,,lonely
2000,young,,,,,,young
2000,impoverished,,,,,,impoverished
2000,distressed, pregnant,,,,,"distressed, pregnant"
2000,blind,,,,,,blind
2000,young, vivacious,,,,,"young, vivacious"
2000,second,,,,,,second
2000,young,,,,,,young
2000,pregnant,,,,,,pregnant
2000,innocent,,,,,,innocent
2000,twin,,,,,,twin
2000,second,,,,,,second
2000,suicidal, heartbroken, pregnant,,,,"suicidal, heartbroken, pregnant"
2000,wealthy, playboy,,,,,"wealthy, playboy"
2000,old,,,,,,old
2000,rich,,,,,,rich
2000,beautiful,,,,,,beautiful
2000,young,,,,,,young
2001,deceased,,,,,,deceased
2001,wealthy,,,,,,wealthy
2001,surrogate,,,,,,surrogate
2001,pregnant,,,,,,pregnant
2001,old,,,,,,old
2001,American,,,,,,American
2001,pretty,,,,,,pretty
2001,greedy,,,,,,greedy
2001,Muslim,,,,,,Muslim
2001,vivacious,,,,,,vivacious
2001,young,,,,,,young
2001,sister,,,,,,sister
2001,young,,,,,,young
2001,rich,,,,,,rich
2001,mysterious,,,,,,mysterious
2001,reluctant,,,,,,reluctant
2001,innocent,,,,,,innocent
2001,right,,,,,,right
2001,skeptical,,,,,,skeptical
2002,tribal,,,,,,tribal
2002,white,,,,,,white
2002,popular,,,,,,popular
2002,loving, young, fun,,,,"loving, young, fun"
2002,biological, real,,,,,"biological, real"
2002,aware,,,,,,aware
2002,real,,,,,,real
2002,married,,,,,,married
2002,widowed,,,,,,widowed
2002,insensitive,,,,,,insensitive
2002,little,,,,,,little
2002,docile, poor, twin, little,,,"docile, poor, twin, little"
2002,little,,,,,,little
2002,frustrated,,,,,,frustrated
2002,small, typical,,,,,"small, typical"
2002,new,,,,,,new
2002,popular,,,,,,popular
2002,vivacious, real,,,,,"vivacious, real"
2002,quiet,,,,,,quiet
2002,spirited, bright,,,,,"spirited, bright"
2002,anxious,,,,,,anxious
2002,remorseless,,,,,,remorseless
2002,mysterious,,,,,,mysterious
2002,beautiful,,,,,,beautiful
2002,wealthy, young,,,,,"wealthy, young"
2003,exotic,,,,,,exotic
2003,married,,,,,,married
2003,young,,,,,,young
2003,obsessive,,,,,,obsessive
2003,comatose,,,,,,comatose
2003,subordinate,,,,,,subordinate
2003,young,,,,,,young
2003,American,,,,,,American
2003,wild,,,,,,wild
2003,nagging,,,,,,nagging
2003,headstrong,,,,,,headstrong
2003,pretty,,,,,,pretty
2003,little,,,,,,little
2003,broken,,,,,,broken
2003,good,,,,,,good
2003,elderly,,,,,,elderly
2003,biological, widowed,,,,,"biological, widowed"
2003,adopted,,,,,,adopted
2003,happy,,,,,,happy
2003,pregnant,,,,,,pregnant
2003,Happy, American,,,,,"Happy, American"
2003,wealthy,,,,,,wealthy
2003,young,,,,,,young
2003,single, young,,,,,"single, young"
2003,American, modern,,,,,"American, modern"
2003,young,,,,,,young
2003,common,,,,,,common
2003,pregnant,,,,,,pregnant
2003,frustrated, angry,,,,,"frustrated, angry"
2003,perfect,,,,,,perfect
2003,exuberant,,,,,,exuberant
2003,timid,,,,,,timid
2003,little,,,,,,little
2004,young,,,,,,young
2004,ambitious,,,,,,ambitious
2004,patient,,,,,,patient
2004,bored,,,,,,bored
2004,widowed,,,,,,widowed
2004,common,,,,,,common
2004,drunk,,,,,,drunk
2004,Muslim,,,,,,Muslim
2004,following,,,,,,following
2004,Sikh,,,,,,Sikh
2004,schoolgirl,,,,,,schoolgirl
2004,beautiful,,,,,,beautiful
2004,teenage,,,,,,teenage
2004,aggressive,,,,,,aggressive
2004,beautiful, simple,,,,,"beautiful, simple"
2004,jealous,,,,,,jealous
2004,young,,,,,,young
2004,young,,,,,,young
2004,young,,,,,,young
2004,depressed,,,,,,depressed
2004,rich,,,,,,rich
2004,young, Pakistani,,,,,"young, Pakistani"
2004,Sikh,,,,,,Sikh
2005,charming,,,,,,charming
2005,young,,,,,,young
2005,blind,,,,,,blind
2005,beautiful,,,,,,beautiful
2005,gullible,,,,,,gullible
2005,popular,,,,,,popular
2005,sister,,,,,,sister
2005,little,,,,,,little
2005,original,,,,,,original
2005,fiancee,,,,,,fiancee
2005,niece,,,,,,niece
2005,young,,,,,,young
2005,British, wealthy,,,,,"British, wealthy"
2005,violent,,,,,,violent
2005,beautiful, young,,,,,"beautiful, young"
2005,dutiful,,,,,,dutiful
2005,sister,,,,,,sister
2005,dead,,,,,,dead
2005,beautiful,,,,,,beautiful
2005,hot,,,,,,hot
2005,dead,,,,,,dead
2005,drunk,,,,,,drunk
2005,great,,,,,,great
2005,married, local,,,,,"married, local"
2006,runaway, jilted,,,,,"runaway, jilted"
2006,rich,,,,,,rich
2006,ailing,,,,,,ailing
2006,young,,,,,,young
2006,promiscuous,,,,,,promiscuous
2006,real,,,,,,real
2006,new,,,,,,new
2006,old,,,,,,old
2006,urban,,,,,,urban
2006,twin,,,,,,twin
2006,simple,,,,,,simple
2006,blind,,,,,,blind
2006,saucy,,,,,,saucy
2006,wealthy,,,,,,wealthy
2006,sister,,,,,,sister
2006,simple,,,,,,simple
2006,original,,,,,,original
2006,mysterious,,,,,,mysterious
2006,attractive,,,,,,attractive
2006,innocent,,,,,,innocent
2006,Afghan,,,,,,Afghan
2006,disappointed,,,,,,disappointed
2006,young,,,,,,young
2006,close,,,,,,close
2006,young,,,,,,young
2006,local,,,,,,local
2006,withering,,,,,,withering
2006,ill,,,,,,ill
2006,little,,,,,,little
2006,pregnant,,,,,,pregnant
2006,young,,,,,,young
2006,sister,,,,,,sister
2006,lovely,,,,,,lovely
2006,beautiful,,,,,,beautiful
2006,middle,,,,,,middle
2007,old,,,,,,old
2007,ideal,,,,,,ideal
2007,attractive,,,,,,attractive
2007,young, dead, Pakistani,,,,"young, dead, Pakistani"
2007,young, reluctant,,,,,"young, reluctant"
2007,happy,,,,,,happy
2007,content,,,,,,content
2007,young,,,,,,young
2007,spinster, twin,,,,,"spinster, twin"
2007,starlet,,,,,,starlet
2007,beautiful, Indian,,,,,"beautiful, Indian"
2007,wealthy,,,,,,wealthy
2007,rich,,,,,,rich
2007,young,,,,,,young
2007,challenged, twin,,,,,"challenged, twin"
2007,teenage,,,,,,teenage
2007,energetic, talkative,,,,,"energetic, talkative"
2007,emotional,,,,,,emotional
2007,exclusive,,,,,,exclusive
2007,widowed,,,,,,widowed
2007,affluent,,,,,,affluent
2007,nagging,,,,,,nagging
2007,real,,,,,,real
2007,biological, illegitimate,,,,,"biological, illegitimate"
2007,American, young,,,,,"American, young"
2007,beautiful, young,,,,,"beautiful, young"
2007,white,,,,,,white
2007,real,,,,,,real
2007,single,,,,,,single
2007,mysterious,,,,,,mysterious
2007,hot,,,,,,hot
2007,gentle,,,,,,gentle
2007,kindhearted,,,,,,kindhearted
2008,safe,,,,,,safe
2008,beautiful,,,,,,beautiful
2008,young,,,,,,young
2008,idiotic, assistant,,,,,"idiotic, assistant"
2008,assistant, personal,,,,,"assistant, personal"
2008,little,,,,,,little
2008,elderly,,,,,,elderly
2008,young,,,,,,young
2008,right,,,,,,right
2008,impulsive, romantic, right, sweet,,,"impulsive, romantic, right, sweet"
2008,delighted,,,,,,delighted
2008,girl,,,,,,girl
2008,beloved,,,,,,beloved
2008,arrogant, sweet,,,,,"arrogant, sweet"
2008,drunk,,,,,,drunk
2008,perfect,,,,,,perfect
2008,modern, capable, sweet, dreamy,,,"modern, capable, sweet, dreamy"
2008,feisty,,,,,,feisty
2008,hurried,,,,,,hurried
2008,eunuch,,,,,,eunuch
2008,kisses,,,,,,kisses
2008,captive,,,,,,captive
2008,disguised,,,,,,disguised
2008,deaf,,,,,,deaf
2008,attractive, young,,,,,"attractive, young"
2008,sister,,,,,,sister
2008,supermodel,,,,,,supermodel
2008,lovely,,,,,,lovely
2008,Special,,,,,,Special
2008,fiancee,,,,,,fiancee
2008,aspiring, lead,,,,,"aspiring, lead"
2008,rich, dead,,,,,"rich, dead"
2008,beautiful,,,,,,beautiful
2009,big, independent,,,,,"big, independent"
2009,young,,,,,,young
2009,young,,,,,,young
2009,Muslim,,,,,,Muslim
2009,American,,,,,,American
2009,Muslim,,,,,,Muslim
2010,beautiful,,,,,,beautiful
2010,unruly,,,,,,unruly
2010,adult,,,,,,adult
2010,psychiatrist,,,,,,psychiatrist
2010,shattered,,,,,,shattered
2010,young,,,,,,young
2010,cultured,,,,,,cultured
2010,striking,,,,,,striking
2010,beautiful,,,,,,beautiful
2010,young,,,,,,young
2010,frustrating,,,,,,frustrating
2010,new, sizzling,,,,,"new, sizzling"
2010,lovely,,,,,,lovely
2011,Canadian,,,,,,Canadian
2011,challenged,,,,,,challenged
2011,nice,,,,,,nice
2011,beautiful,,,,,,beautiful
2011,ambitious,,,,,,ambitious
2012,accomplice,,,,,,accomplice
2012,beautiful, young,,,,,"beautiful, young"
2012,beautiful,,,,,,beautiful
2012,old,,,,,,old
2012,rich,,,,,,rich
2013,pregnant,,,,,,pregnant
2013,young,,,,,,young
2013,deceased,,,,,,deceased
2013,broken,,,,,,broken
2014,sister,,,,,,sister
2014,disabled,,,,,,disabled
2014,spirited, free,,,,,"spirited, free"
2015,twin,,,,,,twin
2015,undercover,,,,,,undercover
2015,young,,,,,,young
2015,local,,,,,,local
2015,beautiful, Scared,,,,,"beautiful, Scared"
2015,assistant,,,,,,assistant
2015,beautiful,,,,,,beautiful
2015,young,,,,,,young
2015,young, haughty,,,,,"young, haughty"
2015,dead,,,,,,dead
2015,beautiful,,,,,,beautiful
2015,attractive, married,,,,,"attractive, married"
2015,young, plain,,,,,"young, plain"
2015,late,,,,,,late
2015,young,,,,,,young
2015,young, fiery,,,,,"young, fiery"
2015,blind,,,,,,blind
2015,traditional,,,,,,traditional
2015,poor, pregnant,,,,,"poor, pregnant"
2015,Kenyan,,,,,,Kenyan
2015,fake,,,,,,fake
2015,traditional, homely,,,,,"traditional, homely"
2015,new,,,,,,new
2015,shocked,,,,,,shocked
2015,single,,,,,,single
2015,injured,,,,,,injured
2015,rebellious,,,,,,rebellious
2015,pregnant,,,,,,pregnant
2015,old,,,,,,old
2015,concerned,,,,,,concerned
2015,adopted,,,,,,adopted
2015,sister,,,,,,sister
2015,escort,,,,,,escort
2015,fat,,,,,,fat
2015,single,,,,,,single
2015,young,,,,,,young
2015,brothel,,,,,,brothel
2015,rich,,,,,,rich
2015,new,,,,,,new
2015,pregnant,,,,,,pregnant
2015,pregnant,,,,,,pregnant
2014,wrong,,,,,,wrong
2014,eloped,,,,,,eloped
2014,reclusive,,,,,,reclusive
2014,talkative, feisty, young,,,,"talkative, feisty, young"
2014,wrong,,,,,,wrong
2014,pregnant,,,,,,pregnant
2014,working,,,,,,working
2014,fiance,,,,,,fiance
2014,young, Pakistani, sheltered, liberal,,,"young, Pakistani, sheltered, liberal"
2014,Indian,,,,,,Indian
2014,insane,,,,,,insane
2014,real,,,,,,real
2014,lead,,,,,,lead
2014,married,,,,,,married
2014,new,,,,,,new
2014,upset,,,,,,upset
2014,little,,,,,,little
2014,young,,,,,,young
2014,quietly,,,,,,quietly
2014,desperate, triplicate, true, real,,,"desperate, triplicate, true, real"
2014,perfect,,,,,,perfect
2014,little,,,,,,little
2014,young,,,,,,young
2014,teenage,,,,,,teenage
2013,poor,,,,,,poor
2013,conservative,,,,,,conservative
2013,young,,,,,,young
2013,widowed,,,,,,widowed
2013,widowed,,,,,,widowed
2013,young, good,,,,,"young, good"
2013,dead, little,,,,,"dead, little"
2013,critical, unknown,,,,,"critical, unknown"
2013,irresistible,,,,,,irresistible
2013,undisguised, rejuvenated,,,,,"undisguised, rejuvenated"
2013,innocent,,,,,,innocent
2013,pregnant,,,,,,pregnant
2013,Muslim,,,,,,Muslim
2013,sick, ailing,,,,,"sick, ailing"
2013,carefree,,,,,,carefree
2013,right,,,,,,right
2013,traditional, simple,,,,,"traditional, simple"
2013,reluctant,,,,,,reluctant
2013,little,,,,,,little
2013,independent,,,,,,independent
2013,fake,,,,,,fake
2013,social,,,,,,social
2013,young,,,,,,young
2013,dejected,,,,,,dejected
2012,widowed,,,,,,widowed
2012,beloved,,,,,,beloved
2012,young, Muslim,,,,,"young, Muslim"
2012,widowed,,,,,,widowed
2012,little,,,,,,little
2012,confident,,,,,,confident
2012,young,,,,,,young
2012,popular,,,,,,popular
2012,traditional, shy, Ideal, Indian, decent,,"traditional, shy, Ideal, Indian, decent"
2012,spirited, free,,,,,"spirited, free"
2012,dead,,,,,,dead
2012,female,,,,,,female
2012,overbearing,,,,,,overbearing
2012,housemaid,,,,,,housemaid
2012,cherubic,,,,,,cherubic
2012,small,,,,,,small
2012,veteran, renowned,,,,,"veteran, renowned"
2012,eccentric,,,,,,eccentric
2012,popular,,,,,,popular
2012,happy,,,,,,happy
2012,secret,,,,,,secret
2012,beautiful, young,,,,,"beautiful, young"
2011,late,,,,,,late
2011,fraternal, twin,,,,,"fraternal, twin"
2011,assistant, personal,,,,,"assistant, personal"
2011,biological,,,,,,biological
2011,sceptical, sudden,,,,,"sceptical, sudden"
2011,single,,,,,,single
2011,Chinese,,,,,,Chinese
2011,white, unknown,,,,,"white, unknown"
2011,nanny,,,,,,nanny
2011,late,,,,,,late
2011,young,,,,,,young
2011,handicapped,,,,,,handicapped
2011,old,,,,,,old
2011,late,,,,,,late
2011,betrayal,,,,,,betrayal
2011,mysterious,,,,,,mysterious
2011,British,,,,,,British
2011,little,,,,,,little
2011,usual,,,,,,usual
2011,unwilling,,,,,,unwilling
2011,real,,,,,,real
2011,actual, true,,,,,"actual, true"
2011,younger,,,,,,younger
2011,new,,,,,,new
2011,moll,,,,,,moll
2011,beautiful,,,,,,beautiful
2011,aspiring,,,,,,aspiring
2010,little,,,,,,little
2010,real,,,,,,real
2010,real, second,,,,,"real, second"
2010,second,,,,,,second
2010,modest,,,,,,modest
2010,poor,,,,,,poor
2010,beautiful,,,,,,beautiful
2010,rich,,,,,,rich
2010,Mexican,,,,,,Mexican
2010,assistant,,,,,,assistant
2010,young, upper, rich,,,,"young, upper, rich"
2010,small,,,,,,small
2010,dead, twin,,,,,"dead, twin"
2010,archetypical,,,,,,archetypical
2010,impoverished,,,,,,impoverished
2010,teenage,,,,,,teenage
2010,perfect,,,,,,perfect
2010,rich,,,,,,rich
2010,curious,,,,,,curious
2010,idiotic,,,,,,idiotic
2010,sensible,,,,,,sensible
2010,teenage,,,,,,teenage
2010,beautiful,,,,,,beautiful
2010,Pakistani,,,,,,Pakistani
2010,elderly,,,,,,elderly
2010,young,,,,,,young
2010,intelligent,,,,,,intelligent
2010,young,,,,,,young
2010,religious,,,,,,religious
2009,international,,,,,,international
2009,blonde,,,,,,blonde
2009,pampered,,,,,,pampered
2009,good,,,,,,good
2009,nagging,,,,,,nagging
2009,beautiful,,,,,,beautiful
2009,fellow,,,,,,fellow
2009,arrogant, young,,,,,"arrogant, young"
2009,sick,,,,,,sick
2009,orphan,,,,,,orphan
2009,widowed,,,,,,widowed
2009,young, sexy,,,,,"young, sexy"
2009,elder, pregnant,,,,,"elder, pregnant"
1986,real,,,,,,real
1986,beautiful, young,,,,,"beautiful, young"
1986,young,,,,,,young
1986,poor,,,,,,poor
1986,feisty,,,,,,feisty
1986,young,,,,,,young
1986,pregnant,,,,,,pregnant
1986,old,,,,,,old
1986,wealthy,,,,,,wealthy
1986,wealthy,,,,,,wealthy
1986,wealthy,,,,,,wealthy
1970,famous,,,,,,famous
1986,beautiful, young,,,,,"beautiful, young"
1986,new,,,,,,new
1986,dead,,,,,,dead
1986,good,,,,,,good
1986,young,,,,,,young
1971,patriotic, deceased,,,,,"patriotic, deceased"
1972,poor,,,,,,poor
1972,sad,,,,,,sad
1972,blind,,,,,,blind
1972,wealthy,,,,,,wealthy
1972,widowed,,,,,,widowed
1972,maidservant,,,,,,maidservant
1972,unmarried,,,,,,unmarried
1972,similar,,,,,,similar
1972,future,,,,,,future
1972,sister,,,,,,sister
1972,real,,,,,,real
1972,little,,,,,,little
1972,dead,,,,,,dead
1972,beloved,,,,,,beloved
1973,sweet,,,,,,sweet
1972,real,,,,,,real
1972,identical, twin,,,,,"identical, twin"
1972,feisty,,,,,,feisty
1972,surrogate,,,,,,surrogate
1973,challenged,,,,,,challenged
1973,poor,,,,,,poor
1972,beautiful,,,,,,beautiful
1972,poor,,,,,,poor
1994,widowed,,,,,,widowed
1994,rich,,,,,,rich
1994,unmarried,,,,,,unmarried
1973,Indian,,,,,,Indian
1994,beautiful, young,,,,,"beautiful, young"
1994,wealthy,,,,,,wealthy
1994,illiterate, orphan,,,,,"illiterate, orphan"
1994,real,,,,,,real
1994,real,,,,,,real
1994,traumatised,,,,,,traumatised
1994,beautiful,,,,,,beautiful
1973,widowed,,,,,,widowed
1994,honest,,,,,,honest
1994,lonely,,,,,,lonely
1994,guilty, ambitious,,,,,"guilty, ambitious"
1994,widowed,,,,,,widowed
1994,young,,,,,,young
1994,Kishans,,,,,,Kishans
1994,spoiled,,,,,,spoiled
1994,attractive, young,,,,,"attractive, young"
1994,young,,,,,,young
1994,simple,,,,,,simple
1974,disheartened,,,,,,disheartened
1974,female,,,,,,female
1995,captive,,,,,,captive
1995,pretty,,,,,,pretty
1995,actual, real,,,,,"actual, real"
1995,biological,,,,,,biological
1995,young,,,,,,young
1995,effervescent,,,,,,effervescent
1974,poor,,,,,,poor
1974,rich,,,,,,rich
1995,beautiful,,,,,,beautiful
1995,Suraj,,,,,,Suraj
1995,innocent,,,,,,innocent
1995,graceful,,,,,,graceful
1975,aware,,,,,,aware
1975,beautiful,,,,,,beautiful
1975,assistant, dead,,,,,"assistant, dead"
2012,young, local,,,,,"young, local"
2012,anxious,,,,,,anxious
2012,young,,,,,,young
2012,beautiful, Russian,,,,,"beautiful, Russian"
1976,wealthy, poor,,,,,"wealthy, poor"
2012,alcoholic,,,,,,alcoholic
1976,successful,,,,,,successful
1976,sister,,,,,,sister
1976,nautch,,,,,,nautch
1976,religious, nautch, lone, good,,,"religious, nautch, lone, good"
1976,real,,,,,,real
1976,fellow,,,,,,fellow
1976,reunited,,,,,,reunited
1977,adopted,,,,,,adopted
2011,meekest,,,,,,meekest
2011,independent,,,,,,independent
2010,innocent, little,,,,,"innocent, little"
2010,treasured,,,,,,treasured
2010,clever,,,,,,clever
2010,sister,,,,,,sister
2010,invisible,,,,,,invisible
2010,sister,,,,,,sister
2010,young,,,,,,young
2010,white,,,,,,white
1979,rich,,,,,,rich
2009,young,,,,,,young
2009,beleaguered,,,,,,beleaguered
2009,poor,,,,,,poor
2009,Muslim,,,,,,Muslim
2009,free,,,,,,free
2014,loud,,,,,,loud
1979,angry,,,,,,angry
2014,brothel,,,,,,brothel
2014,young,,,,,,young
2014,existing,,,,,,existing
1980,Indian,,,,,,Indian
2014,elusive,,,,,,elusive
2014,ghetto,,,,,,ghetto
2014,disguised,,,,,,disguised
2014,modern,,,,,,modern
2014,proud,,,,,,proud
2014,American, Indian,,,,,"American, Indian"
1980,young,,,,,,young
1980,bereaved,,,,,,bereaved
2014,young, Chinese,,,,,"young, Chinese"
2014,Moses,,,,,,Moses
2014,sister,,,,,,sister
2014,typical,,,,,,typical
2014,delinquent,,,,,,delinquent
1981,kept,,,,,,kept
1981,young,,,,,,young
2013,criminal,,,,,,criminal
2013,modern, ambitious,,,,,"modern, ambitious"
2013,young, real,,,,,"young, real"
1981,real,,,,,,real
1981,beautiful, young,,,,,"beautiful, young"
1982,orphan,,,,,,orphan
2013,pretty,,,,,,pretty
2013,key,,,,,,key
2013,ghostly,,,,,,ghostly
2013,possessed,,,,,,possessed
2013,fiancee,,,,,,fiancee
2013,Nautch, Muslim,,,,,"Nautch, Muslim"
2013,angry,,,,,,angry
2013,wailing,,,,,,wailing
1982,beautiful,,,,,,beautiful
1983,beautiful, married,,,,,"beautiful, married"
1983,innocent,,,,,,innocent
1983,pregnant,,,,,,pregnant
1983,adopted,,,,,,adopted
1983,new,,,,,,new
1983,brothel,,,,,,brothel
1983,ill,,,,,,ill
1984,beautiful,,,,,,beautiful
1984,widowed,,,,,,widowed
1984,small, good,,,,,"small, good"
1985,happy, marries,,,,,"happy, marries"
1985,imbalanced,,,,,,imbalanced
1985,rich,,,,,,rich
1985,sister,,,,,,sister
1985,beautiful,,,,,,beautiful
2017,insulted,,,,,,insulted
1987,missing,,,,,,missing
2017,young, bright,,,,,"young, bright"
2017,entire, painful,,,,,"entire, painful"
2017,close,,,,,,close
2017,dead,,,,,,dead
2017,new,,,,,,new
2017,elderly,,,,,,elderly
2017,single,,,,,,single
2017,lucky, Gujarati,,,,,"lucky, Gujarati"
2017,lonely,,,,,,lonely
2017,contemporary, young,,,,,"contemporary, young"
2017,young,,,,,,young
1987,second,,,,,,second
1988,beautiful, unattractive, different,,,,"beautiful, unattractive, different"
1988,rich,,,,,,rich
1988,pretty,,,,,,pretty
1988,loose,,,,,,loose
1988,wealthy,,,,,,wealthy
1988,lone, pregnant,,,,,"lone, pregnant"
1989,rich,,,,,,rich
1990,young,,,,,,young
1991,uneducated,,,,,,uneducated
1991,sunshine.while,,,,,,sunshine.while
1991,Unknown,,,,,,Unknown
1991,unaware,,,,,,unaware
1992,real,,,,,,real
1992,schoolmate,,,,,,schoolmate
1992,poor,,,,,,poor
1992,young,,,,,,young
1992,ancient,,,,,,ancient
1993,Determined,,,,,,Determined
1993,widowed,,,,,,widowed
1993,fellow,,,,,,fellow
1993,beautiful,,,,,,beautiful
1993,victimised,,,,,,victimised
1993,Naive,,,,,,Naive
1993,random, new,,,,,"random, new"
1993,furious,,,,,,furious
1993,beautiful,,,,,,beautiful
1996,nerd.Ms,,,,,,nerd.Ms
2016,late,,,,,,late
2016,principal, ambitious,,,,,"principal, ambitious"
2016,recovered,,,,,,recovered
2016,beautiful, Indian,,,,,"beautiful, Indian"
1996,spoiled,,,,,,spoiled
2016,demotivated,,,,,,demotivated
2016,adopted,,,,,,adopted
2016,tall,,,,,,tall
2016,modern,,,,,,modern
2016,teenage,,,,,,teenage
2016,little,,,,,,little
2016,motivated,,,,,,motivated
2016,edgy,,,,,,edgy
1996,beautiful,,,,,,beautiful
2016,single,,,,,,single
2016,fellow,,,,,,fellow
2016,martial,,,,,,martial
2016,beautiful,,,,,,beautiful
2016,mysterious,,,,,,mysterious
2016,helpless,,,,,,helpless
2016,sister,,,,,,sister
2016,comatose,,,,,,comatose
2016,blind,,,,,,blind
2016,poor,,,,,,poor
1996,unwed,,,,,,unwed
1996,beautiful, tearful, young,,,,"beautiful, tearful, young"
2016,Muslim,,,,,,Muslim
2016,attractive,,,,,,attractive
2016,local,,,,,,local
2016,fiancee,,,,,,fiancee
2016,hard,,,,,,hard
2016,little, wrong,,,,,"little, wrong"
2016,young, brave,,,,,"young, brave"
2016,main,,,,,,main
2016,working, fourth,,,,,"working, fourth"
2016,old,,,,,,old
1997,cabaret,,,,,,cabaret
2016,Muslim,,,,,,Muslim
1997,foreign,,,,,,foreign
1997,lively,,,,,,lively
2016,mute,,,,,,mute
2016,teenage, adopted,,,,,"teenage, adopted"
2016,French,,,,,,French
2016,young,,,,,,young
1997,injured,,,,,,injured
1997,beautiful,,,,,,beautiful
1997,old,,,,,,old
1997,greedy,,,,,,greedy
1997,young, vivacious,,,,,"young, vivacious"
1997,unmarried,,,,,,unmarried
1997,young,,,,,,young
1998,beautiful,,,,,,beautiful
1998,young,,,,,,young
1998,pregnant,,,,,,pregnant
1998,beautiful, modern, innocent, kiddish, motherless, playful,"beautiful, modern, innocent, kiddish, motherless, playful"
1998,sister,,,,,,sister
1998,sensible,,,,,,sensible
1998,young,,,,,,young
1999,ensuing,,,,,,ensuing
1999,challenged,,,,,,challenged
1999,simple,,,,,,simple
1999,hungry,,,,,,hungry
1999,kidnapped,,,,,,kidnapped
1999,rich,,,,,,rich
1999,rich,,,,,,rich
1999,designate,,,,,,designate
1999,beautiful,,,,,,beautiful
2000,young,,,,,,young
2000,young,,,,,,young
2015,innocent, Pakistani,,,,,"innocent, Pakistani"
2015,beloved,,,,,,beloved
2001,ordinary,,,,,,ordinary
2001,troubled,,,,,,troubled
2001,young, rural,,,,,"young, rural"
2015,bindaas,,,,,,bindaas
2015,clad,,,,,,clad
2001,young,,,,,,young
2001,real,,,,,,real
2001,second,,,,,,second
2001,Maharashtrian,,,,,,Maharashtrian
2001,real,,,,,,real
2001,real,,,,,,real
2001,horrible,,,,,,horrible
2002,Popular,,,,,,Popular
2002,scheming,,,,,,scheming
2002,surrogate,,,,,,surrogate
2002,Tough,,,,,,Tough
2002,illegitimate,,,,,,illegitimate
2002,widowed,,,,,,widowed
2002,manservant,,,,,,manservant
2002,dead, local,,,,,"dead, local"
2002,evil,,,,,,evil
2002,beautiful,,,,,,beautiful
2002,provocative,,,,,,provocative
2002,beloved,,,,,,beloved
2003,fiancee,,,,,,fiancee
2003,rich,,,,,,rich
2003,real,,,,,,real
2003,stylish,,,,,,stylish
2003,attractive, interior,,,,,"attractive, interior"
2003,elder,,,,,,elder
2004,young,,,,,,young
2005,unstable,,,,,,unstable
2005,beautiful,,,,,,beautiful
2005,Canadian,,,,,,Canadian
2005,elder,,,,,,elder
2005,challenged,,,,,,challenged
2005,reputation.Fatigued,,,,,,reputation.Fatigued
2005,real,,,,,,real
2005,fake, real,,,,,"fake, real"
2005,frantic,,,,,,frantic
2005,abusive,,,,,,abusive
2005,young,,,,,,young
2005,young,,,,,,young
2005,studious, quiet,,,,,"studious, quiet"
2005,single,,,,,,single
2005,young,,,,,,young
2005,opinionated,,,,,,opinionated
2005,spoilt,,,,,,spoilt
2006,little,,,,,,little
2006,young,,,,,,young
2006,young,,,,,,young
2006,widowed,,,,,,widowed
2006,beloved,,,,,,beloved
2006,beautiful, blind,,,,,"beautiful, blind"
2006,beloved,,,,,,beloved
2006,widowed,,,,,,widowed
2006,adopted,,,,,,adopted
2006,mad,,,,,,mad
2006,temperamental,,,,,,temperamental
2006,local,,,,,,local
2006,elder,,,,,,elder
2006,twin,,,,,,twin
2007,young, smart,,,,,"young, smart"
2007,flat,,,,,,flat
2007,young,,,,,,young
2007,sister,,,,,,sister
2007,real,,,,,,real
2007,beautiful, captivating,,,,,"beautiful, captivating"
2008,widowed,,,,,,widowed
2008,Indian,,,,,,Indian
2008,young,,,,,,young
1971,long,,,,,,long
1971,beautiful,,,,,,beautiful
